study_group,n,mean_delta,median_delta,sd_delta
Master_PhD,9,0.9155555555555556,0.96,0.2428534080011598
Others,6,0.8666666666666667,0.96,0.41850527674889193
