block,n_participants,n_items,cronbach_alpha
Q01-Q25 POST,15,25,0.9487576534244626
Q26-Q33 POST,15,8,0.8853479853479853
